순위,이름,경기,타율,타석,타수,안타,2루타,3루타,홈런,타점,득점,사사구,삼진,출루율,장타율,도루
620,이현서(동성고),29,1,1,1,1,0,1,0,2,0,0,0,1,3,0
620,김원경(마산고),15,1,1,1,1,1,0,0,2,1,0,0,1,2,0
620,허민균(장안고),17,1,2,1,1,1,0,0,1,0,1,0,1,2,0
620,김장민(영선고),16,1,1,1,1,1,0,0,0,0,0,0,1,2,0
620,장민혁(인창고),14,1,1,1,1,1,0,0,0,1,0,0,1,2,1
620,김태경(장안고),17,1,1,1,1,0,0,0,0,0,0,0,1,1,0
620,정우석(신일고),22,1,2,1,1,0,0,0,0,0,0,0,1,1,0
620,김성욱(부산고),15,1,1,1,1,0,0,0,1,0,0,0,1,1,0
620,김대원(청담고),15,1,1,1,1,0,0,0,0,0,0,0,1,1,0
620,김지혁(신일고),22,1,1,1,1,0,0,0,0,0,0,0,1,1,0
620,이주형(경남고),30,1,1,1,1,0,0,0,0,2,0,0,1,1,0
620,강동훈(신흥고),16,1,1,1,1,0,0,0,0,0,0,0,1,1,0
620,이재민(상우고),15,1,1,1,1,0,0,0,0,0,0,0,1,1,0
620,김용학(상원고),18,1,1,1,1,0,0,0,0,1,0,0,1,1,0
620,김기수(청원고),17,1,1,1,1,0,0,0,0,0,0,0,1,1,0
620,서대원(인창고),14,1,1,1,1,0,0,0,0,0,0,0,1,1,0
620,한승룡(전주고),16,1,1,1,1,0,0,0,0,0,0,0,1,1,0
620,안동환(신일고),22,1,1,1,1,0,0,0,1,0,0,0,1,1,0
620,박찬영(부산정보고),15,1,1,1,1,0,0,0,0,0,0,0,1,1,0
620,황건호(서울디자인고),17,1,3,1,1,0,0,0,0,1,1,0,1,1,0
620,유현우(성지고),16,1,2,1,1,0,0,0,0,0,1,0,1,1,0
620,이제웅(장충고),19,1,2,1,1,0,0,0,0,1,1,0,1,1,0
620,최윤혁(신일고),22,1,1,1,1,0,0,0,0,0,0,0,1,1,0
620,남호(유신고),21,1,1,1,1,0,0,0,0,0,0,0,1,1,0
620,권동윤(부산공고),14,1,1,1,1,0,0,0,0,0,0,0,1,1,0
645,이도현(청주고),14,0.75,4,4,3,0,0,0,1,1,0,0,0.75,0.75,0
646,유현(제주고),17,0.667,3,3,2,0,0,0,1,0,0,1,0.667,0.667,0
647,김민성(충훈고),14,0.5,2,2,1,0,1,0,2,1,0,0,0.5,1.5,0
647,서유신(광주제일고),20,0.5,3,2,1,0,1,0,2,3,1,1,0.667,1.5,1
647,전광진(광주제일고),20,0.5,2,2,1,1,0,0,0,1,0,1,0.5,1,0
647,이상혁(장안고),17,0.5,6,6,3,0,1,0,2,1,0,0,0.5,0.833,0
647,박종혁(배명고),23,0.5,8,6,3,0,1,0,0,1,1,1,0.571,0.833,0
647,이동훈(대구고),14,0.5,6,4,2,1,0,0,1,2,2,1,0.667,0.75,2
647,원유성(경북고),27,0.5,15,12,6,0,1,0,1,2,3,3,0.6,0.667,0
647,한재민(중앙고),16,0.5,2,2,1,0,0,0,0,0,0,0,0.5,0.5,0
647,박재완(동성고),29,0.5,2,2,1,0,0,0,1,0,0,0,0.5,0.5,0
647,배정원(영문고),13,0.5,2,2,1,0,0,0,0,0,0,0,0.5,0.5,0
647,김미르(제물포고),16,0.5,3,2,1,0,0,0,0,1,0,0,0.5,0.5,0
647,박범진(경남고),30,0.5,8,8,4,0,0,0,3,3,0,1,0.5,0.5,0
647,김병휘(장충고),19,0.5,4,4,2,0,0,0,2,2,0,1,0.5,0.5,1
647,추종민(군산상고),24,0.5,3,2,1,0,0,0,0,1,1,1,0.667,0.5,0
647,박수빈(제물포고),16,0.5,2,2,1,0,0,0,0,0,0,1,0.5,0.5,0
647,최규민(동산고),24,0.5,6,4,2,0,0,0,4,0,2,0,0.667,0.5,0
647,양성근(강릉고),17,0.5,2,2,1,0,0,0,0,2,0,0,0.5,0.5,0
647,나민혁(청주고),14,0.5,2,2,1,0,0,0,0,0,0,0,0.5,0.5,0
647,김태준(안산공고),23,0.5,2,2,1,0,0,0,0,0,0,0,0.5,0.5,0
647,정재호(세광고),20,0.5,2,2,1,0,0,0,1,0,0,0,0.5,0.5,0
647,윤준호(경남고),30,0.5,2,2,1,0,0,0,0,1,0,0,0.5,0.5,0
647,김태환(신일고),22,0.5,2,2,1,0,0,0,1,0,0,0,0.5,0.5,0
647,양세윤(야탑고),23,0.5,2,2,1,0,0,0,1,0,0,1,0.5,0.5,1
647,조하선(포항제철고),21,0.5,5,4,2,0,0,0,0,0,1,1,0.6,0.5,0
647,노윤상(도개고),14,0.5,2,2,1,0,0,0,0,1,0,1,0.5,0.5,0
647,박세종(진흥고),20,0.5,6,4,2,0,0,0,0,1,1,1,0.6,0.5,0
673,주우재(동산고),24,0.455,14,11,5,1,0,0,1,1,3,2,0.571,0.545,0
674,문승빈(공주고),15,0.444,9,9,4,1,0,0,3,0,0,1,0.444,0.556,0
674,김경민(송탄제일고),18,0.444,12,9,4,1,0,0,0,3,2,2,0.545,0.556,0
674,손동은(북일고),16,0.444,13,9,4,0,0,0,5,2,2,2,0.5,0.444,0
677,강재윤(야탑고),23,0.429,16,14,6,0,1,0,2,4,2,2,0.5,0.571,3
677,김동규(신일고),22,0.429,8,7,3,1,0,0,3,1,1,1,0.5,0.571,0
677,천승준(배재고),18,0.429,9,7,3,1,0,0,1,1,2,2,0.556,0.571,0
677,최혜승(경주고),16,0.429,8,7,3,0,0,0,0,2,1,1,0.5,0.429,0
681,조현석(유신고),21,0.421,20,19,8,1,0,0,4,3,1,1,0.45,0.474,0
682,손시후(개성고),16,0.417,14,12,5,0,0,0,1,1,2,2,0.5,0.417,0
683,전유선(안산공고),23,0.407,29,27,11,1,1,0,8,5,2,3,0.448,0.519,0
684,김현수(장충고),19,0.4,12,10,4,1,0,1,5,3,2,1,0.5,0.8,0
684,채영준(유신고),21,0.4,22,15,6,2,1,0,1,8,6,1,0.571,0.667,2
684,김윤수(소래고),18,0.4,5,5,2,1,0,0,0,2,0,0,0.4,0.6,0
684,양경식(제물포고),16,0.4,6,5,2,1,0,0,2,2,1,1,0.5,0.6,0
684,김형민(배명고),23,0.4,11,10,4,2,0,0,1,1,1,1,0.455,0.6,0
684,양회찬(군산상고),24,0.4,13,10,4,1,0,0,3,2,3,2,0.538,0.5,1
684,윤재연(유신고),21,0.4,6,5,2,0,0,0,2,0,0,1,0.4,0.4,0
684,정민우(물금고),13,0.4,5,5,2,0,0,0,1,0,0,0,0.4,0.4,0
684,배영빈(서울고),31,0.4,5,5,2,0,0,0,2,1,0,0,0.4,0.4,0
684,이희우(군산상고),24,0.4,5,5,2,0,0,0,1,2,0,1,0.4,0.4,0
684,강병우(상우고),15,0.4,5,5,2,0,0,0,0,1,0,2,0.4,0.4,0
695,김민수(안산공고),23,0.394,44,33,13,0,0,0,7,7,9,4,0.524,0.394,3
696,이성준(배명고),23,0.389,22,18,7,3,0,0,1,8,3,4,0.476,0.556,1
697,이종섭(세광고),20,0.381,26,21,8,0,0,0,4,5,4,4,0.48,0.381,1
698,유찬희(소래고),18,0.379,37,29,11,2,1,1,4,11,8,1,0.514,0.621,8
699,윤혁준(군산상고),24,0.375,11,8,3,2,0,0,3,0,3,4,0.545,0.625,0
699,함창건(충암고),25,0.375,20,16,6,1,0,0,2,1,1,5,0.412,0.438,1
699,임경목(마산고),15,0.375,9,8,3,0,0,0,1,3,1,1,0.444,0.375,2
699,이건희(경북고),27,0.375,23,16,6,0,0,0,5,6,1,2,0.368,0.375,0
703,원대한(경기고),19,0.364,12,11,4,1,0,0,0,1,0,3,0.364,0.455,0
703,권민우(공주고),15,0.364,12,11,4,0,0,0,1,0,1,3,0.417,0.364,0
705,현원회(대구고),14,0.357,20,14,5,3,1,0,6,2,5,3,0.526,0.714,0
706,최희찬(신흥고),16,0.355,36,31,11,0,2,0,3,4,1,6,0.364,0.484,2
707,정태웅(신흥고),16,0.35,24,20,7,0,0,0,0,3,2,2,0.409,0.35,2
708,윤찬영(경동고),18,0.346,31,26,9,0,0,0,0,4,4,6,0.433,0.346,3
709,유지호(인상고),17,0.345,39,29,10,2,0,0,5,4,10,5,0.513,0.414,1
710,박상목(소래고),18,0.333,4,3,1,0,1,0,1,1,1,0,0.5,1,1
710,이원빈(부산고),15,0.333,4,3,1,1,0,0,1,0,0,1,0.25,0.667,0
710,한지운(광주제일고),20,0.333,3,3,1,1,0,0,2,0,0,1,0.333,0.667,0
710,백두산(개성고),16,0.333,17,15,5,3,0,0,4,3,2,2,0.412,0.533,2
710,신동수(개성고),16,0.333,7,6,2,1,0,0,0,2,1,2,0.429,0.5,0
710,최훈희(야탑고),23,0.333,8,6,2,1,0,0,1,2,2,3,0.5,0.5,1
710,김규원(물금고),13,0.333,7,6,2,1,0,0,2,1,0,1,0.333,0.5,0
710,김현민(경남고),30,0.333,64,54,18,4,0,1,14,13,9,12,0.422,0.463,2
710,정도웅(광주제일고),20,0.333,18,18,6,0,1,0,3,4,0,4,0.333,0.444,1
710,정재찬(충훈고),14,0.333,17,12,4,1,0,0,1,2,5,6,0.529,0.417,0
710,김주승(덕수고),30,0.333,61,48,16,0,1,0,4,6,10,11,0.448,0.375,6
710,김정인(신흥고),16,0.333,7,6,2,0,0,0,0,0,1,1,0.429,0.333,0
710,김민서(동산고),24,0.333,5,3,1,0,0,0,0,0,1,1,0.5,0.333,1
710,김민수(서울디자인고),17,0.333,5,3,1,0,0,0,0,1,2,0,0.6,0.333,0
710,김태우(인천고),20,0.333,29,21,7,0,0,0,4,3,6,5,0.481,0.333,4
710,성준한(충훈고),14,0.333,3,3,1,0,0,0,0,1,0,0,0.333,0.333,0
710,김세훈(인천고),20,0.333,8,6,2,0,0,0,1,1,2,1,0.5,0.333,1
710,박민형(제물포고),16,0.333,18,15,5,0,0,0,6,2,2,1,0.389,0.333,0
710,도용준(장안고),17,0.333,4,3,1,0,0,0,0,1,1,0,0.5,0.333,0
710,한규영(인천고),20,0.333,3,3,1,0,0,0,0,0,0,1,0.333,0.333,0
710,윤산흠(영선고),16,0.333,3,3,1,0,0,0,0,0,0,1,0.333,0.333,0
710,김대유(인창고),14,0.333,7,6,2,0,0,0,0,1,1,0,0.429,0.333,0
710,정현수(부산고),15,0.333,4,3,1,0,0,0,0,2,0,0,0.333,0.333,0
710,이현우(동성고),29,0.333,4,3,1,0,0,0,0,0,1,1,0.5,0.333,0
710,류현우(대구고),14,0.333,8,6,2,0,0,0,3,0,2,0,0.5,0.333,0
710,신우영(선린인고),18,0.333,3,3,1,0,0,0,0,0,0,1,0.333,0.333,0
710,조율(포항제철고),21,0.333,9,9,3,0,0,0,0,2,0,2,0.333,0.333,0
710,장대한(효천고),17,0.333,3,3,1,0,0,0,1,0,0,1,0.333,0.333,0
738,정현민(율곡고),25,0.326,51,43,14,5,1,0,8,6,6,7,0.408,0.488,1
739,안인산(야탑고),23,0.323,40,31,10,3,1,1,11,6,8,7,0.45,0.581,1
739,최인호(포항제철고),21,0.323,41,31,10,0,0,0,7,5,7,6,0.425,0.323,0
741,전해창(서울디자인고),17,0.321,30,28,9,4,0,0,5,2,1,3,0.345,0.464,0
742,장광석(동산고),24,0.308,43,39,12,0,3,0,13,3,4,7,0.372,0.462,0
742,민석진(도개고),14,0.308,17,13,4,0,0,0,0,5,4,2,0.471,0.308,0
742,맹주호(덕수고),30,0.308,13,13,4,0,0,0,2,0,0,3,0.308,0.308,0
745,김동은(동성고),29,0.304,26,23,7,1,1,0,1,4,3,5,0.385,0.435,0
746,박근태(제주고),17,0.3,23,20,6,2,1,0,6,4,3,6,0.391,0.5,1
746,강태경(마산용마고),28,0.3,13,10,3,0,0,0,0,0,3,3,0.462,0.3,0
746,김광유(송탄제일고),18,0.3,24,20,6,0,0,0,2,3,2,3,0.364,0.3,3
746,백승우(도개고),14,0.3,11,10,3,0,0,0,0,1,1,1,0.364,0.3,0
746,김상묵(영선고),16,0.3,26,20,6,0,0,0,6,3,4,5,0.4,0.3,1
751,송재선(신일고),22,0.297,48,37,11,0,0,0,4,9,4,10,0.366,0.297,8
752,김남운(울산공고),13,0.296,29,27,8,2,0,0,3,1,1,7,0.321,0.37,0
753,윤현승(군산상고),24,0.294,20,17,5,1,0,0,2,1,3,4,0.4,0.353,0
754,최윤호(동산고),24,0.286,9,7,2,0,1,0,4,3,0,0,0.222,0.571,2
754,이민효(안산공고),23,0.286,9,7,2,0,1,0,0,1,2,1,0.444,0.571,0
754,한규상(소래고),18,0.286,8,7,2,1,0,0,0,1,1,3,0.375,0.429,0
754,조도현(경북고),27,0.286,47,42,12,2,0,0,4,6,2,11,0.311,0.333,0
754,한상원(청담고),15,0.286,8,7,2,0,0,0,1,0,1,4,0.375,0.286,0
754,공기태(글로벌선진학교),14,0.286,10,7,2,0,0,0,0,2,2,2,0.444,0.286,0
754,임상민(동산고),24,0.286,16,14,4,0,0,0,3,1,2,1,0.375,0.286,0
754,최유성(김해고),13,0.286,7,7,2,0,0,0,0,1,0,1,0.286,0.286,0
762,신명헌(신일고),22,0.281,38,32,9,0,1,0,3,1,4,8,0.351,0.344,1
763,양찬휘(부산정보고),15,0.28,32,25,7,3,0,0,3,2,4,9,0.355,0.4,4
763,이승관(야탑고),23,0.28,54,50,14,2,0,1,6,8,3,7,0.321,0.38,1
765,이우진(세광고),20,0.278,41,36,10,0,2,0,8,10,5,6,0.366,0.389,1
765,이정민(제주고),17,0.278,18,18,5,2,0,0,0,1,0,6,0.278,0.389,0
765,김종현(설악고),19,0.278,21,18,5,2,0,0,1,2,1,3,0.316,0.389,2
768,최원영(경남고),30,0.273,32,22,6,2,1,0,7,7,9,3,0.484,0.455,0
768,오현수(세광고),20,0.273,14,11,3,1,0,0,0,1,1,0,0.333,0.364,1
768,윤민상(인창고),14,0.273,12,11,3,1,0,0,2,1,1,3,0.333,0.364,0
768,조우진(부산고),15,0.273,15,11,3,1,0,0,3,1,4,1,0.467,0.364,0
768,박지원(진영고),16,0.273,11,11,3,0,0,0,3,0,0,3,0.273,0.273,1
768,김학준(중앙고),16,0.273,12,11,3,0,0,0,3,0,1,2,0.333,0.273,0
768,함도원(청원고),17,0.273,14,11,3,0,0,0,0,1,3,2,0.429,0.273,0
768,우경수(동산고),24,0.273,38,33,9,0,0,0,3,6,0,9,0.265,0.273,1
768,권도한(설악고),19,0.273,43,33,9,0,0,0,0,5,7,9,0.4,0.273,1
777,권혁진(도개고),14,0.267,15,11,3,1,1,0,2,4,3,1,0.45,0.467,2
777,이태균(성남고),18,0.267,22,15,4,1,0,0,2,1,5,6,0.45,0.333,2
777,최륜기(인천고),20,0.267,18,15,4,0,0,0,1,2,2,3,0.353,0.267,0
777,신주환(선린인고),18,0.267,16,15,4,0,0,0,2,0,0,3,0.267,0.267,0
781,조한민(대전고),23,0.263,26,19,5,1,0,0,2,4,5,3,0.417,0.316,1
781,손성찬(원주고),14,0.263,21,19,5,0,0,0,3,0,1,6,0.3,0.263,0
783,김신회(제물포고),16,0.261,30,23,6,1,2,0,3,3,5,4,0.393,0.478,2
783,한재환(개성고),16,0.261,29,23,6,3,0,0,4,5,5,8,0.393,0.391,1
783,유관후(성남고),18,0.261,36,23,6,0,0,0,1,2,8,7,0.452,0.261,1
786,김혜성(배명고),23,0.259,28,27,7,3,0,0,2,0,1,11,0.286,0.37,1
786,이찬호(장충고),19,0.259,32,27,7,0,0,0,2,5,3,3,0.333,0.259,3
788,박민승(영문고),13,0.25,5,4,1,0,1,0,0,1,1,0,0.4,0.75,0
788,김태희(군산상고),24,0.25,4,4,1,0,1,0,1,1,0,3,0.25,0.75,0
788,김동진(원주고),14,0.25,4,4,1,1,0,0,0,0,0,1,0.25,0.5,0
788,최준호(영문고),13,0.25,4,4,1,1,0,0,1,0,0,0,0.25,0.5,0
788,박성준(휘문고),17,0.25,8,8,2,0,1,0,0,1,0,3,0.25,0.5,0
788,채준형(북일고),16,0.25,4,4,1,1,0,0,0,0,0,2,0.25,0.5,0
788,이현규(대전고),23,0.25,4,4,1,1,0,0,0,0,0,3,0.25,0.5,0
788,김성균(신일고),22,0.25,15,12,3,0,0,1,2,3,3,4,0.4,0.5,0
788,손해은(야탑고),23,0.25,10,8,2,2,0,0,1,1,2,2,0.4,0.5,0
788,최미르(영선고),16,0.25,20,16,4,1,1,0,5,0,2,6,0.3,0.438,0
788,이동훈(상원고),18,0.25,11,8,2,1,0,0,2,1,2,2,0.4,0.375,0
788,김태민(청주고),14,0.25,13,12,3,1,0,0,0,0,1,3,0.308,0.333,0
788,고대한(청주고),14,0.25,12,12,3,1,0,0,1,1,0,1,0.25,0.333,0
788,홍종표(신일고),22,0.25,4,4,1,0,0,0,0,1,0,0,0.25,0.25,0
788,현지공(신일고),22,0.25,16,12,3,0,0,0,1,2,3,1,0.4,0.25,1
788,최재웅(백송고),17,0.25,5,4,1,0,0,0,0,0,1,2,0.4,0.25,0
788,우승우(경북고),27,0.25,9,8,2,0,0,0,2,1,1,1,0.333,0.25,0
788,김민철(마산용마고),28,0.25,39,24,6,0,0,0,1,12,11,3,0.486,0.25,0
788,조성민(청주고),14,0.25,4,4,1,0,0,0,0,1,0,1,0.25,0.25,0
788,조건휘(전주고),16,0.25,10,8,2,0,0,0,0,2,2,1,0.4,0.25,0
788,김성진(원주고),14,0.25,4,4,1,0,0,0,0,0,0,3,0.25,0.25,0
788,정혁조(경동고),18,0.25,8,8,2,0,0,0,1,0,0,4,0.25,0.25,0
788,박찬희(청원고),17,0.25,12,8,2,0,0,0,0,0,4,2,0.5,0.25,0
788,최해찬(성남고),18,0.25,4,4,1,0,0,0,0,1,0,0,0.25,0.25,0
788,조민석(부천고),17,0.25,19,16,4,0,0,0,2,2,2,4,0.333,0.25,0
788,오명진(세광고),20,0.25,9,8,2,0,0,0,2,2,1,1,0.333,0.25,0
788,이윤재(도개고),14,0.25,13,12,3,0,0,0,1,1,1,5,0.308,0.25,0
788,박재홍(신흥고),16,0.25,4,4,1,0,0,0,0,0,0,1,0.25,0.25,0
788,최지강(동성고),29,0.25,13,12,3,0,0,0,0,1,1,2,0.308,0.25,0
788,이찬규(공주고),15,0.25,20,12,3,0,0,0,0,4,4,2,0.438,0.25,0
788,권혁진(마산고),15,0.25,6,4,1,0,0,0,1,3,2,0,0.5,0.25,0
788,이동빈(부경고),15,0.25,27,24,6,0,0,0,4,2,2,2,0.296,0.25,0
788,임준섭(효천고),17,0.25,4,4,1,0,0,0,0,0,0,2,0.25,0.25,0
788,이지훈(도개고),14,0.25,11,8,2,0,0,0,1,2,3,3,0.455,0.25,0
788,최재혁(부경고),15,0.25,11,8,2,0,0,0,0,1,3,5,0.455,0.25,0
788,원성준(경기고),19,0.25,6,4,1,0,0,0,0,1,1,1,0.4,0.25,0
788,조성진(강원고),14,0.25,5,4,1,0,0,0,0,1,1,3,0.4,0.25,0
825,이정재(동산고),24,0.244,55,45,11,3,1,0,3,9,7,9,0.346,0.356,1
826,한석훈(상우고),15,0.242,35,33,8,1,0,0,3,2,2,9,0.286,0.273,1
827,임찬혁(원주고),14,0.241,33,29,7,1,1,0,0,4,4,7,0.333,0.345,0
827,주동욱(야탑고),23,0.241,48,29,7,2,0,0,2,13,16,10,0.511,0.31,17
827,양홍영(덕수고),30,0.241,33,29,7,0,0,0,4,3,2,6,0.29,0.241,2
827,위성호(효천고),17,0.241,34,29,7,0,0,0,4,3,5,10,0.353,0.241,1
831,정상후(배명고),23,0.24,27,25,6,1,0,0,3,4,0,6,0.24,0.28,1
832,강민규(경남고),30,0.238,26,21,5,3,0,1,5,4,5,7,0.385,0.524,0
832,이창훈(부산고),15,0.238,27,21,5,3,1,0,3,2,6,7,0.407,0.476,0
832,최진우(세광고),20,0.238,44,42,10,2,1,0,7,10,1,4,0.256,0.333,4
835,송준혁(서울디자인고),17,0.235,39,34,8,4,0,1,2,4,5,5,0.333,0.441,0
835,김현수(설악고),19,0.235,20,17,4,1,1,0,4,2,3,4,0.35,0.412,0
835,이대희(서울고),31,0.235,21,17,4,0,1,0,3,1,3,5,0.35,0.353,0
835,이윤찬(북일고),16,0.235,26,17,4,1,0,0,2,1,7,4,0.44,0.294,1
835,김록겸(진영고),16,0.235,18,17,4,1,0,0,0,1,1,4,0.278,0.294,0
840,정송렬(서울고),31,0.232,68,56,13,4,0,1,9,10,11,16,0.353,0.357,2
841,안현성(부경고),15,0.231,18,13,3,2,0,0,1,1,5,4,0.444,0.385,1
841,강성진(개성고),16,0.231,32,26,6,3,0,0,4,2,6,9,0.375,0.346,0
841,이건(원주고),14,0.231,31,26,6,0,0,0,3,3,5,6,0.355,0.231,0
841,유민석(경주고),16,0.231,36,26,6,0,0,0,3,6,7,4,0.382,0.231,4
841,손정빈(신흥고),16,0.231,16,13,3,0,0,0,0,3,2,2,0.333,0.231,1
846,정윤수(상원고),18,0.227,24,22,5,2,0,0,1,3,2,6,0.292,0.318,0
846,김건웅(청주고),14,0.227,24,22,5,1,0,0,3,2,1,5,0.25,0.273,0
846,유지웅(덕수고),30,0.227,29,22,5,1,0,0,5,4,5,11,0.37,0.273,0
846,박진규(신일고),22,0.227,51,44,10,1,0,0,5,7,6,10,0.32,0.25,2
846,김두일(청주고),14,0.227,27,22,5,0,0,0,1,1,4,6,0.346,0.227,0
851,백승엽(백송고),17,0.226,38,31,7,1,1,0,3,2,6,10,0.342,0.323,1
852,강윤성(청원고),17,0.222,15,9,2,0,1,0,2,4,5,1,0.5,0.444,0
852,김태양(부산공고),14,0.222,31,27,6,2,0,0,1,4,4,7,0.323,0.296,0
852,강윤구(화순고),17,0.222,31,27,6,0,1,0,1,2,3,4,0.3,0.296,2
852,배호성(송탄제일고),18,0.222,20,18,4,1,0,0,1,0,2,9,0.3,0.278,1
852,김찬영(물금고),13,0.222,10,9,2,0,0,0,2,0,1,1,0.3,0.222,1
857,양태영(영선고),16,0.219,37,32,7,0,0,0,1,3,4,7,0.306,0.219,3
858,조문규(부산정보고),15,0.217,29,23,5,1,1,0,4,3,5,8,0.357,0.348,0
859,이대한(유신고),21,0.216,47,37,8,0,1,0,6,9,6,13,0.318,0.27,2
860,장세빈(도개고),14,0.214,16,14,3,0,0,1,7,1,2,4,0.313,0.429,1
860,박일헌(성남고),18,0.214,17,14,3,1,0,0,2,0,2,6,0.294,0.286,0
860,홍성진(마산용마고),28,0.214,56,42,9,2,0,0,8,6,8,8,0.321,0.262,0
860,정규하(백송고),17,0.214,17,14,3,0,0,0,0,5,1,3,0.267,0.214,0
860,이동규(상우고),15,0.214,18,14,3,0,0,0,0,0,4,6,0.389,0.214,0
865,임영준(덕수고),30,0.211,47,38,8,1,1,0,4,7,8,6,0.348,0.289,0
865,장민규(부산공고),14,0.211,21,19,4,1,0,0,3,2,2,7,0.286,0.263,1
865,김지훈(부경고),15,0.211,20,16,3,0,0,0,0,0,4,2,0.375,0.211,2
868,오수빈(청담고),15,0.206,35,34,7,1,0,2,10,5,1,10,0.229,0.412,1
868,박연준(소래고),18,0.206,39,34,7,1,0,0,2,1,5,11,0.308,0.235,1
870,김장호(인창고),14,0.2,13,10,2,0,1,0,1,2,3,5,0.385,0.4,0
870,안준범(마산용마고),28,0.2,6,5,1,1,0,0,0,1,1,1,0.333,0.4,0
870,정영훈(부산정보고),15,0.2,12,10,2,1,0,0,4,0,1,5,0.25,0.3,1
870,권순찬(백송고),17,0.2,13,10,2,1,0,0,1,0,3,2,0.385,0.3,0
870,신재용(배명고),23,0.2,10,10,2,1,0,0,0,2,0,4,0.2,0.3,0
870,김현민(원주고),14,0.2,30,30,6,2,0,0,1,1,0,6,0.2,0.267,0
870,김재인(강원고),14,0.2,33,30,6,0,1,0,3,2,3,5,0.273,0.267,1
870,이현준(소래고),18,0.2,34,25,5,1,0,0,1,5,9,2,0.412,0.24,3
870,유장혁(광주제일고),20,0.2,36,30,6,1,0,0,0,4,6,8,0.333,0.233,4
870,김휘집(신일고),22,0.2,37,30,6,1,0,0,4,5,6,8,0.333,0.233,2
870,유재영(동산고),24,0.2,6,5,1,0,0,0,0,0,1,0,0.333,0.2,0
870,안효빈(배재고),18,0.2,14,10,2,0,0,0,0,2,3,2,0.385,0.2,0
870,손승현(세광고),20,0.2,7,5,1,0,0,0,0,2,1,1,0.333,0.2,0
870,서재균(부산고),15,0.2,21,15,3,0,0,0,0,2,3,2,0.333,0.2,0
870,장용준(청담고),15,0.2,5,5,1,0,0,0,0,0,0,2,0.2,0.2,0
870,박시원(광주제일고),20,0.2,11,10,2,0,0,0,1,2,1,4,0.273,0.2,1
870,이승찬(진영고),16,0.2,6,5,1,0,0,0,0,0,1,3,0.333,0.2,0
870,전형근(휘문고),17,0.2,6,5,1,0,0,0,0,2,1,2,0.333,0.2,0
870,박바로(대전제일고),15,0.2,5,5,1,0,0,0,1,0,0,2,0.2,0.2,0
870,이장민(청주고),14,0.2,10,5,1,0,0,0,2,1,3,0,0.5,0.2,0
870,전호균(강원고),14,0.2,12,10,2,0,0,0,1,2,2,5,0.333,0.2,0
870,이정우(대구고),14,0.2,8,5,1,0,0,0,0,0,3,2,0.5,0.2,0
870,김재우(동성고),29,0.2,6,5,1,0,0,0,0,0,1,1,0.333,0.2,0
870,서민규(휘문고),17,0.2,5,5,1,0,0,0,0,1,0,2,0.2,0.2,0
870,전진대(인창고),14,0.2,10,10,2,0,0,0,0,1,0,3,0.2,0.2,0
870,이경민(송탄제일고),18,0.2,11,10,2,0,0,0,0,0,1,7,0.273,0.2,0
870,진승윤(도개고),14,0.2,33,30,6,0,0,0,2,2,2,9,0.25,0.2,0
870,고승완(동성고),29,0.2,6,5,1,0,0,0,0,7,0,0,0.2,0.2,4
870,임정우(강원고),14,0.2,8,5,1,0,0,0,1,0,2,1,0.375,0.2,1
899,황규성(동산고),24,0.194,44,36,7,1,0,0,7,3,6,8,0.302,0.222,4
900,김용표(청담고),15,0.192,26,26,5,1,0,0,1,1,0,10,0.192,0.231,0
900,기장주(원주고),14,0.192,29,26,5,0,0,0,1,3,2,3,0.25,0.192,1
900,윤성주(마산용마고),28,0.192,33,26,5,0,0,0,4,3,6,6,0.344,0.192,0
903,김록겸(영문고),13,0.19,4,4,0,0,0,0,1,0,0,1,0.227,0.238,0
904,이지환(성남고),18,0.188,19,16,3,0,1,0,2,3,2,3,0.278,0.313,2
905,오세현(소래고),18,0.182,26,22,4,2,1,0,0,2,4,9,0.308,0.364,0
905,이주혁(제물포고),16,0.182,37,22,4,0,1,0,3,4,11,8,0.441,0.273,3
905,김태성(상우고),15,0.182,29,22,4,0,0,0,1,4,7,8,0.379,0.182,2
905,강민성(원주고),14,0.182,13,11,2,0,0,0,0,0,1,3,0.25,0.182,0
909,김민수(효천고),17,0.179,39,28,5,0,0,0,1,3,10,9,0.395,0.179,2
910,김혁찬(인천고),20,0.176,40,34,6,1,0,0,3,4,6,17,0.3,0.206,3
911,유상빈(인천고),20,0.174,29,23,4,1,1,0,2,2,3,6,0.259,0.304,3
911,양보관(소래고),18,0.174,31,23,4,0,0,0,1,5,8,8,0.387,0.174,4
911,임상우(세광고),20,0.174,24,23,4,0,0,0,1,3,1,6,0.208,0.174,2
914,한태일(도개고),14,0.167,20,18,3,1,1,0,4,2,2,7,0.25,0.333,0
914,송시헌(대구고),14,0.167,10,6,1,1,0,0,0,1,3,2,0.444,0.333,0
914,김보성(청담고),15,0.167,13,12,2,1,0,0,0,1,0,3,0.167,0.25,0
914,길지석(야탑고),23,0.167,19,12,2,1,0,0,2,1,7,4,0.474,0.25,0
914,장민성(설악고),19,0.167,21,18,3,1,0,0,2,1,1,6,0.211,0.222,0
914,강민균(덕수고),30,0.167,23,18,3,1,0,0,1,2,2,3,0.25,0.222,1
914,정성균(중앙고),16,0.167,25,24,4,1,0,0,2,2,1,8,0.2,0.208,1
914,이진석(성남고),18,0.167,41,36,6,1,0,0,2,1,3,13,0.231,0.194,1
914,박준석(마산고),15,0.167,6,6,1,0,0,0,0,1,0,2,0.167,0.167,1
914,정민서(진영고),16,0.167,7,6,1,0,0,0,0,1,1,5,0.286,0.167,1
914,오동현(야탑고),23,0.167,17,12,2,0,0,0,3,1,5,2,0.412,0.167,1
914,장진훈(장충고),19,0.167,8,6,1,0,0,0,1,0,1,0,0.286,0.167,0
914,김동민(배명고),23,0.167,7,6,1,0,0,0,1,0,1,1,0.286,0.167,0
914,강대혁(군산상고),24,0.167,21,18,3,0,0,0,2,2,3,3,0.286,0.167,0
914,채은강(인창고),14,0.167,29,24,4,0,0,0,3,4,3,10,0.259,0.167,1
914,전수혁(진영고),16,0.167,12,12,2,0,0,0,0,1,0,4,0.167,0.167,0
914,이승민(부산고),15,0.167,7,6,1,0,0,0,0,0,1,2,0.286,0.167,0
914,이승엽(상우고),15,0.167,16,12,2,0,0,0,0,2,3,3,0.333,0.167,0
914,박정현(유신고),21,0.167,8,6,1,0,0,0,0,1,2,1,0.375,0.167,0
914,강성훈(송탄제일고),18,0.167,15,12,2,0,0,0,2,1,2,4,0.286,0.167,1
914,김승호(송탄제일고),18,0.167,21,18,3,0,0,0,2,6,2,2,0.25,0.167,2
914,천승호(부경고),15,0.167,8,6,1,0,0,0,0,0,2,2,0.375,0.167,0
936,박지성(소래고),18,0.16,30,25,4,1,0,0,2,4,5,12,0.3,0.2,2
936,박태준(청원고),17,0.16,30,25,4,0,0,0,0,4,3,6,0.25,0.16,2
938,박민서(야탑고),23,0.158,44,38,6,1,1,0,7,5,6,16,0.273,0.237,0
938,김진희(울산공고),13,0.158,22,19,3,0,0,0,1,1,1,5,0.2,0.158,0
940,김윤식(진흥고),20,0.154,19,13,2,0,1,0,0,2,6,2,0.421,0.308,0
940,임종찬(북일고),16,0.154,34,26,4,1,1,0,4,4,4,4,0.267,0.269,0
940,서예원(진영고),16,0.154,19,13,2,0,0,0,0,1,4,7,0.353,0.154,2
943,김시원(덕수고),30,0.152,39,33,5,3,0,0,6,4,3,9,0.216,0.242,0
944,김대원(충암고),25,0.15,48,40,6,0,0,0,5,4,7,12,0.271,0.15,1
945,김주영(서울고),31,0.147,46,34,5,1,0,0,4,7,10,10,0.333,0.176,0
946,최명경(효천고),17,0.143,25,21,3,0,2,0,0,3,3,5,0.25,0.333,0
946,김현창(동성고),29,0.143,8,7,1,1,0,0,1,0,1,1,0.25,0.286,0
946,조용훈(화순고),17,0.143,7,7,1,1,0,0,2,1,0,2,0.143,0.286,0
946,정용현(청담고),15,0.143,7,7,1,0,0,0,0,1,0,0,0.143,0.143,0
946,허찬민(충암고),25,0.143,7,7,1,0,0,0,0,0,0,1,0.143,0.143,0
946,백재혁(인천고),20,0.143,24,14,2,0,0,0,3,5,5,4,0.35,0.143,3
946,정선우(강릉고),17,0.143,8,7,1,0,0,0,0,0,1,2,0.25,0.143,0
946,김동인(소래고),18,0.143,11,7,1,0,0,0,0,2,4,1,0.455,0.143,0
946,이후석(장충고),19,0.143,13,7,1,0,0,0,3,6,5,1,0.5,0.143,3
946,김재훈(원주고),14,0.143,7,7,1,0,0,0,0,0,0,4,0.143,0.143,0
946,하영진(원주고),14,0.143,31,28,4,0,0,0,2,1,2,13,0.2,0.143,1
957,홍상범(마산고),15,0.136,25,22,3,0,2,0,2,3,2,11,0.208,0.318,1
957,김성진(야탑고),23,0.136,27,22,3,1,0,0,2,4,5,9,0.296,0.182,0
957,박선우(인창고),14,0.136,27,22,3,0,0,0,1,2,5,6,0.296,0.136,1
960,이세환(물금고),13,0.133,18,15,2,1,0,0,1,1,2,6,0.235,0.2,0
960,양경규(부천고),17,0.133,17,15,2,0,0,0,2,1,2,4,0.235,0.133,1
960,이원석(소래고),18,0.133,16,15,2,0,0,0,1,0,1,4,0.188,0.133,0
963,김기홍(부산정보고),15,0.13,26,23,3,1,0,0,3,4,2,2,0.2,0.174,3
963,박윤수(성지고),16,0.13,26,23,3,0,0,0,0,0,3,5,0.231,0.13,1
965,조찬희(도개고),14,0.125,22,16,2,0,0,0,2,1,4,3,0.286,0.125,0
965,주한성(야탑고),23,0.125,25,24,3,0,0,0,0,1,1,8,0.16,0.125,0
965,김태형(효천고),17,0.125,31,24,3,0,0,0,0,3,7,9,0.323,0.125,1
965,변상민(충훈고),14,0.125,8,8,1,0,0,0,0,0,0,2,0.125,0.125,1
965,윤관우(중앙고),16,0.125,10,8,1,0,0,0,0,3,2,4,0.3,0.125,0
965,옥준우(대구고),14,0.125,23,16,2,0,0,0,1,7,6,6,0.364,0.125,1
965,최지원(인천고),20,0.125,12,8,1,0,0,0,2,1,2,2,0.273,0.125,1
965,이승준(청담고),15,0.125,35,32,4,0,0,0,1,1,3,17,0.2,0.125,0
973,강도현(설악고),19,0.121,42,33,4,0,0,0,3,4,5,12,0.237,0.121,1
974,최승민(물금고),13,0.118,23,17,2,1,0,0,3,1,4,8,0.273,0.176,1
974,강기태(진영고),16,0.118,28,17,2,0,0,0,0,2,10,9,0.444,0.118,2
974,홍락현(배명고),23,0.118,20,17,2,0,0,0,0,0,3,5,0.25,0.118,0
977,조인호(설악고),19,0.115,32,26,3,0,0,1,7,1,6,12,0.281,0.231,0
978,송종호(전주고),16,0.111,12,9,1,0,1,0,1,1,2,3,0.273,0.333,0
978,송하영(진영고),16,0.111,15,9,1,1,0,0,1,1,4,4,0.385,0.222,0
978,허관회(경기고),19,0.111,9,9,1,0,0,0,2,0,0,2,0.111,0.111,0
978,최기혁(대전고),23,0.111,14,9,1,0,0,0,1,2,4,3,0.385,0.111,0
978,강윤구(세광고),20,0.111,12,9,1,0,0,0,1,1,3,2,0.333,0.111,1
978,노지우(덕수고),30,0.111,10,9,1,0,0,0,2,1,1,1,0.2,0.111,0
978,유수현(휘문고),17,0.111,12,9,1,0,0,0,0,2,2,2,0.273,0.111,0
978,김도훈(인창고),14,0.111,9,9,1,0,0,0,0,0,0,3,0.111,0.111,0
978,정석현(부경고),15,0.111,12,9,1,0,0,0,0,1,1,0,0.2,0.111,0
978,강희철(백송고),17,0.111,9,9,1,0,0,0,0,1,0,5,0.111,0.111,0
988,이우영(휘문고),17,0.107,33,28,3,0,0,0,2,2,3,10,0.194,0.107,0
989,김동현(도개고),14,0.105,19,19,2,2,0,0,1,1,0,3,0.105,0.211,0
990,우진혁(대전제일고),15,0.103,34,29,3,0,0,0,2,1,3,2,0.188,0.103,1
991,조민성(대구고),14,0.1,10,10,1,1,0,0,0,2,0,2,0.1,0.2,0
991,연성모(글로벌선진학교),14,0.1,12,10,1,0,0,0,0,0,2,4,0.25,0.1,0
991,심재현(인상고),17,0.1,12,10,1,0,0,0,0,0,0,4,0.1,0.1,0
991,이시찬(도개고),14,0.1,12,10,1,0,0,0,0,0,2,4,0.25,0.1,1
991,박진우(성지고),16,0.1,12,10,1,0,0,0,1,2,2,2,0.25,0.1,0
991,박인효(청원고),17,0.1,13,10,1,0,0,0,1,0,3,4,0.308,0.1,0
991,김재원(영선고),16,0.1,12,10,1,0,0,0,0,1,2,5,0.25,0.1,0
998,권희준(인창고),14,0.091,12,11,1,1,0,0,2,0,0,3,0.083,0.182,1
999,장문규(청주고),14,0.087,24,23,2,2,0,0,2,2,1,10,0.125,0.174,0
1000,정우빈(제주고),17,0.083,30,24,2,1,0,0,1,0,5,5,0.241,0.125,0
1000,예상민(휘문고),17,0.083,16,12,1,0,0,0,1,1,4,5,0.313,0.083,0
1002,박원(강원고),14,0.077,15,13,1,0,0,0,0,0,1,3,0.143,0.077,1
1002,이하늘(영문고),13,0.077,16,13,1,0,0,0,0,1,2,8,0.2,0.077,0
1004,조용진(백송고),17,0.074,29,27,2,0,0,0,1,0,1,12,0.107,0.074,0
1005,곽용환(동산고),24,0.071,20,14,1,0,0,0,0,2,5,2,0.316,0.071,0
1005,정성용(신흥고),16,0.071,15,14,1,0,0,0,0,1,1,6,0.133,0.071,0
1005,엄성준(도개고),14,0.071,18,14,1,0,0,0,2,1,4,4,0.278,0.071,1
1008,남궁빈(인상고),17,0.067,17,15,1,0,0,0,0,0,2,5,0.176,0.067,0
1008,이강준(설악고),19,0.067,16,15,1,0,0,0,0,2,0,8,0.067,0.067,0
1010,권찬진(진영고),16,0.063,20,16,1,0,1,0,1,1,2,6,0.167,0.188,0
1010,공보현(부천고),17,0.063,21,16,1,0,0,0,1,2,3,6,0.211,0.063,2
1010,김승현(중앙고),16,0.063,37,32,2,0,0,0,0,3,4,16,0.167,0.063,0
1010,최인학(강원고),14,0.063,17,16,1,0,0,0,0,0,1,7,0.118,0.063,2
1014,전주원(글로벌선진학교),14,0.059,17,17,1,0,0,0,0,2,0,9,0.059,0.059,0
1015,문필기(영선고),16,0.056,24,18,1,0,0,0,1,1,6,5,0.292,0.056,0
1016,황동건(설악고),19,0.048,24,21,1,0,0,0,0,1,3,11,0.167,0.048,0
1016,박상걸(대구고),14,0.048,25,21,1,0,0,0,3,0,3,4,0.167,0.048,0
1018,김인범(전주고),16,0.045,26,22,1,0,0,0,1,0,1,5,0.087,0.045,0
1019,이해승(인천고),20,0.042,29,24,1,1,0,0,1,4,4,13,0.179,0.083,0
1019,이종민(청주고),14,0.042,28,24,1,0,0,0,0,1,2,5,0.115,0.042,0
1021,김대환(영문고),13,0.036,29,26,1,0,1,0,1,1,2,7,0.129,0.107,0
1022,이동민(야탑고),23,0,0,0,0,0,0,0,0,0,0,0,0,0,0
1022,정영웅(군산상고),24,0,0,0,0,0,0,0,0,0,0,0,0,0,0
1022,황태현(도개고),14,0,1,1,0,0,0,0,0,0,0,1,0,0,0
1022,이현우(중앙고),16,0,4,3,0,0,0,0,0,0,1,2,0.25,0,0
1022,이승진(광주제일고),20,0,0,0,0,0,0,0,0,0,0,0,0,0,0
1022,최유현(충암고),25,0,2,1,0,0,0,0,0,1,1,0,0.5,0,1
1022,박민준(서울디자인고),17,0,1,1,0,0,0,0,0,0,0,1,0,0,0
1022,김중석(영선고),16,0,8,6,0,0,0,0,1,1,2,4,0.25,0,0
1022,김민성(동산고),24,0,0,0,0,0,0,0,0,1,0,0,0,0,0
1022,최은용(울산공고),13,0,0,0,0,0,0,0,0,0,0,0,0,0,0
1022,차승현(성지고),16,0,10,5,0,0,0,0,0,1,5,3,0.5,0,1
1022,배민혁(설악고),19,0,8,7,0,0,0,0,0,1,1,6,0.125,0,0
1022,송봉준(제주고),17,0,0,0,0,0,0,0,0,0,0,0,0,0,0
1022,홍찬솔(서울디자인고),17,0,0,0,0,0,0,0,0,0,0,0,0,0,0
1022,이성진(신흥고),16,0,0,0,0,0,0,0,0,0,0,0,0,0,0
1022,최현준(화순고),17,0,2,2,0,0,0,0,0,0,0,0,0,0,0
1022,김겸재(부산정보고),15,0,0,0,0,0,0,0,0,0,0,0,0,0,0
1022,노지훈(광주제일고),20,0,0,0,0,0,0,0,0,0,0,0,0,0,0
1022,박성역(진흥고),20,0,0,0,0,0,0,0,0,0,0,0,0,0,0
1022,김민성(부산정보고),15,0,1,1,0,0,0,0,0,0,0,0,0,0,0
1022,이제민(도개고),14,0,2,2,0,0,0,0,0,0,0,0,0,0,0
1022,김형준(강릉고),17,0,0,0,0,0,0,0,0,0,0,0,0,0,0
1022,최한비(마산고),15,0,0,0,0,0,0,0,0,0,0,0,0,0,0
1022,이정동(동산고),24,0,0,0,0,0,0,0,0,0,0,0,0,0,1
1022,강혜성(충훈고),14,0,1,1,0,0,0,0,0,0,0,1,0,0,0
1022,허선(동산고),24,0,0,0,0,0,0,0,0,3,0,0,0,0,1
1022,박현준(제물포고),16,0,2,1,0,0,0,0,0,0,1,1,0.5,0,0
1022,서영준(효천고),17,0,2,2,0,0,0,0,0,0,0,1,0,0,0
1022,김학성(진흥고),20,0,0,0,0,0,0,0,0,0,0,0,0,0,0
1022,전인국(부산정보고),15,0,0,0,0,0,0,0,0,1,0,0,0,0,0
1022,심재영(충암고),25,0,5,2,0,0,0,0,1,1,2,0,0.5,0,0
1022,박태홍(성남고),18,0,0,0,0,0,0,0,0,1,0,0,0,0,1
1022,이재환(대전고),23,0,0,0,0,0,0,0,0,0,0,0,0,0,0
1022,최성훈(장충고),19,0,0,0,0,0,0,0,0,0,0,0,0,0,0
1022,이병길(율곡고),25,0,4,4,0,0,0,0,0,1,0,4,0,0,0
1022,이정호(동산고),24,0,0,0,0,0,0,0,0,0,0,0,0,0,0
1022,엄대훈(부경고),15,0,5,5,0,0,0,0,0,0,0,2,0,0,0
1022,송진익(동성고),29,0,3,3,0,0,0,0,0,0,0,2,0,0,0
1022,박진영(진영고),16,0,16,14,0,0,0,0,1,0,1,5,0.067,0,1
1022,심기정(세광고),20,0,2,2,0,0,0,0,0,0,0,2,0,0,0
1022,이형빈(설악고),19,0,0,0,0,0,0,0,0,0,0,0,0,0,0
1022,조형석(부산고),15,0,0,0,0,0,0,0,0,0,0,0,0,0,0
1022,이동환(진흥고),20,0,0,0,0,0,0,0,0,0,0,0,0,0,0
1022,조찬우(경동고),18,0,0,0,0,0,0,0,0,1,0,0,0,0,0
1022,조성주(성남고),18,0,3,2,0,0,0,0,0,0,1,1,0.333,0,0
1022,김현식(제주고),17,0,1,1,0,0,0,0,0,0,0,0,0,0,0
1022,김용민(인상고),17,0,2,1,0,0,0,0,0,1,1,1,0.5,0,0
1022,전윤호(대구고),14,0,6,4,0,0,0,0,0,0,1,1,0.2,0,0
1022,윤주상(영선고),16,0,4,4,0,0,0,0,0,0,0,0,0,0,0
1022,박철오(마산용마고),28,0,11,11,0,0,0,0,0,0,0,4,0,0,0
1022,유선우(대전고),23,0,7,5,0,0,0,0,0,1,2,2,0.286,0,0
1022,유영상(제주고),17,0,1,1,0,0,0,0,0,0,0,0,0,0,0
1022,김현권(물금고),13,0,0,0,0,0,0,0,0,0,0,0,0,0,0
1022,안승준(강릉고),17,0,0,0,0,0,0,0,0,0,0,0,0,0,0
1022,강민욱(진영고),16,0,12,8,0,0,0,0,2,0,3,3,0.273,0,0
1022,박정환(경북고),27,0,2,2,0,0,0,0,0,0,0,1,0,0,0
1022,김재균(충암고),25,0,2,1,0,0,0,0,0,0,1,0,0.5,0,0
1022,정세진(송탄제일고),18,0,0,0,0,0,0,0,0,0,0,0,0,0,0
1022,백민영(신일고),22,0,0,0,0,0,0,0,0,0,0,0,0,0,0
1022,박찬호(성남고),18,0,1,1,0,0,0,0,0,0,0,1,0,0,0
1022,송지호(경동고),18,0,1,1,0,0,0,0,0,0,0,1,0,0,0
1022,경동휘(설악고),19,0,0,0,0,0,0,0,0,2,0,0,0,0,0
1022,이민재(대전고),23,0,0,0,0,0,0,0,0,0,0,0,0,0,0
1022,홍원표(부천고),17,0,1,1,0,0,0,0,0,0,0,0,0,0,0
1022,이상욱(경동고),18,0,0,0,0,0,0,0,0,0,0,0,0,0,0
1022,최다인(장충고),19,0,1,1,0,0,0,0,0,0,0,0,0,0,0
1022,이주용(북일고),16,0,3,1,0,0,0,0,0,0,2,0,0.667,0,0
1022,최현준(인상고),17,0,9,7,0,0,0,0,0,1,1,5,0.125,0,0
1022,김도현(부산공고),14,0,0,0,0,0,0,0,0,0,0,0,0,0,0
1022,박재영(마산용마고),28,0,5,4,0,0,0,0,1,0,0,0,0,0,0
1022,김재형(개성고),16,0,0,0,0,0,0,0,0,0,0,0,0,0,0
1022,최범렬(상우고),15,0,0,0,0,0,0,0,0,1,0,0,0,0,0
1022,김우현(군산상고),24,0,0,0,0,0,0,0,0,0,0,0,0,0,0
1022,신정호(전주고),16,0,1,1,0,0,0,0,0,0,0,0,0,0,0
1022,이수현(충훈고),14,0,1,1,0,0,0,0,0,0,0,0,0,0,0
1022,안승민(원주고),14,0,0,0,0,0,0,0,0,0,0,0,0,0,0
1022,윤용준(충암고),25,0,0,0,0,0,0,0,0,0,0,0,0,0,0
1022,차윤상(동산고),24,0,4,4,0,0,0,0,0,0,0,3,0,0,0
1022,최정운(효천고),17,0,0,0,0,0,0,0,0,0,0,0,0,0,0
1022,김대환(경주고),16,0,3,2,0,0,0,0,1,0,1,1,0.333,0,0
1022,박승규(경기고),19,0,9,8,0,0,0,0,0,4,1,3,0.111,0,1
1022,한현서(야탑고),23,0,0,0,0,0,0,0,0,0,0,0,0,0,0
1022,이진규(마산고),15,0,4,3,0,0,0,0,0,0,1,0,0.25,0,0
1022,오세훈(영선고),16,0,3,3,0,0,0,0,0,0,0,0,0,0,0
1022,박현민(전주고),16,0,1,1,0,0,0,0,0,0,0,1,0,0,0
1022,박민재(부산공고),14,0,0,0,0,0,0,0,0,0,0,0,0,0,0
1022,신동수(제물포고),16,0,0,0,0,0,0,0,0,0,0,0,0,0,0
1022,전진우(부산정보고),15,0,0,0,0,0,0,0,0,0,0,0,0,0,0
1022,최재헌(군산상고),24,0,1,1,0,0,0,0,0,2,0,0,0,0,0
1022,김성규(송탄제일고),18,0,1,1,0,0,0,0,0,0,0,0,0,0,0
1022,윤영석(원주고),14,0,0,0,0,0,0,0,0,0,0,0,0,0,0
1022,방승원(충암고),25,0,0,0,0,0,0,0,0,0,0,0,0,0,0
1022,안재성(선린인고),18,0,1,1,0,0,0,0,0,0,0,0,0,0,0
1022,이동준(청담고),15,0,0,0,0,0,0,0,0,0,0,0,0,0,0
1022,유승연(성남고),18,0,0,0,0,0,0,0,0,0,0,0,0,0,0
1022,최인호(중앙고),16,0,1,1,0,0,0,0,0,0,0,0,0,0,0
1022,정상원(개성고),16,0,1,1,0,0,0,0,0,0,0,0,0,0,0
1022,이동연(부천고),17,0,0,0,0,0,0,0,0,0,0,0,0,0,0
1022,이무협(원주고),14,0,1,1,0,0,0,0,0,0,0,1,0,0,0
1022,박경민(개성고),16,0,0,0,0,0,0,0,0,0,0,0,0,0,0
1022,최민식(진흥고),20,0,2,2,0,0,0,0,0,0,0,0,0,0,0
1022,최종민(대전고),23,0,0,0,0,0,0,0,0,0,0,0,0,0,0
1022,황태현(동산고),24,0,12,9,0,0,0,0,0,3,2,3,0.182,0,0
1022,전택진(원주고),14,0,2,1,0,0,0,0,0,0,1,1,0.5,0,0
1022,박희영(청원고),17,0,0,0,0,0,0,0,0,0,0,0,0,0,0
1022,이동혁(청담고),15,0,6,6,0,0,0,0,0,1,0,2,0,0,0
1022,김수윤(경기고),19,0,7,6,0,0,0,0,0,1,1,2,0.143,0,0
1022,정상혁(충훈고),14,0,3,3,0,0,0,0,0,0,0,0,0,0,0
1022,김강운(세광고),20,0,2,2,0,0,0,0,0,1,0,0,0,0,0
1022,박수민(개성고),16,0,1,1,0,0,0,0,0,0,0,0,0,0,0
1022,전지환(부산고),15,0,1,1,0,0,0,0,0,0,0,0,0,0,0
1022,이채호(마산용마고),28,0,0,0,0,0,0,0,0,0,0,0,0,0,0
1022,오도은(서울디자인고),17,0,1,1,0,0,0,0,0,0,0,1,0,0,0
1022,박민성(도개고),14,0,1,1,0,0,0,0,0,0,0,1,0,0,0
1022,이태건(경기고),19,0,0,0,0,0,0,0,0,1,0,0,0,0,0
1022,김영권(군산상고),24,0,0,0,0,0,0,0,0,0,0,0,0,0,0
1022,이재훈(전주고),16,0,5,5,0,0,0,0,0,0,0,2,0,0,0
1022,이성빈(울산공고),13,0,0,0,0,0,0,0,0,0,0,0,0,0,0
1022,전병권(소래고),18,0,4,2,0,0,0,0,1,0,2,0,0.5,0,0
1022,최재현(경주고),16,0,1,1,0,0,0,0,0,0,0,1,0,0,0
1022,최재익(북일고),16,0,0,0,0,0,0,0,0,0,0,0,0,0,0
1022,나호채(진영고),16,0,3,3,0,0,0,0,1,1,0,2,0,0,0
1022,김도하(대전제일고),15,0,2,1,0,0,0,0,0,0,1,0,0.5,0,0
1022,김세헌(유신고),21,0,1,0,0,0,0,0,0,0,1,0,1,0,0
1022,기상근(강원고),14,0,3,2,0,0,0,0,0,0,1,2,0.333,0,0
1022,박민(성남고),18,0,12,10,0,0,0,0,1,1,1,1,0.083,0,1
1022,이명원(서울고),31,0,5,3,0,0,0,0,1,0,0,2,0,0,0
1022,정현도(포항제철고),21,0,9,7,0,0,0,0,0,0,2,3,0.222,0,0
1022,구기준(청담고),15,0,8,6,0,0,0,0,0,1,1,3,0.143,0,0
1022,이주원(중앙고),16,0,0,0,0,0,0,0,0,0,0,0,0,0,0
1022,이재준(경동고),18,0,3,2,0,0,0,0,0,3,1,2,0.333,0,0
1022,윤종성(제물포고),16,0,0,0,0,0,0,0,0,0,0,0,0,0,0
1022,석민수(전주고),16,0,16,14,0,0,0,0,1,0,1,3,0.063,0,0
1022,박진(부산고),15,0,0,0,0,0,0,0,0,0,0,0,0,0,0
1022,천승호(배명고),23,0,0,0,0,0,0,0,0,0,0,0,0,0,0
1022,이민서(선린인고),18,0,1,1,0,0,0,0,0,0,0,0,0,0,0
1022,천기백(청담고),15,0,1,1,0,0,0,0,0,0,0,0,0,0,0
1022,김주섭(대구고),14,0,2,1,0,0,0,0,0,0,1,0,0.5,0,0
1022,방준혁(강릉고),17,0,0,0,0,0,0,0,0,0,0,0,0,0,0
1022,김규태(청원고),17,0,4,4,0,0,0,0,0,0,0,3,0,0,0
1022,고훈(영문고),13,0,3,2,0,0,0,0,0,0,1,2,0.333,0,0
1022,윤한범(울산공고),13,0,0,0,0,0,0,0,0,0,0,0,0,0,0
1022,신승환(마산고),15,0,0,0,0,0,0,0,0,0,0,0,0,0,0
1022,이승규(성지고),16,0,0,0,0,0,0,0,0,0,0,0,0,0,0
1022,이진성(물금고),13,0,1,1,0,0,0,0,0,0,0,1,0,0,0
1022,김영훈(서울디자인고),17,0,15,14,0,0,0,0,0,0,1,1,0.067,0,0
1022,조민우(송탄제일고),18,0,1,1,0,0,0,0,0,0,0,1,0,0,0
1022,김기환(전주고),16,0,0,0,0,0,0,0,0,1,0,0,0,0,0
1022,양재준(경동고),18,0,2,2,0,0,0,0,0,0,0,1,0,0,0
1022,최우석(덕수고),30,0,0,0,0,0,0,0,0,0,0,0,0,0,0
1022,박준영(서울고),31,0,4,3,0,0,0,0,0,1,1,0,0.25,0,1
1022,남가현(배명고),23,0,0,0,0,0,0,0,0,0,0,0,0,0,0
1022,김태환(김해고),13,0,4,4,0,0,0,0,0,0,0,2,0,0,0
1022,백종선(제물포고),16,0,3,2,0,0,0,0,1,0,1,1,0.333,0,0
1022,황동민(군산상고),24,0,0,0,0,0,0,0,0,0,0,0,0,0,0
1022,김성주(배명고),23,0,2,2,0,0,0,0,0,0,0,0,0,0,0
1022,구일모(물금고),13,0,1,1,0,0,0,0,0,0,0,1,0,0,0
1022,최시호(제주고),17,0,9,6,0,0,0,0,0,0,2,1,0.25,0,0
1022,서동진(도개고),14,0,3,2,0,0,0,0,0,1,1,2,0.333,0,0
1022,박범근(대구고),14,0,0,0,0,0,0,0,0,0,0,0,0,0,0
1022,이믿음(강릉고),17,0,4,1,0,0,0,0,0,1,2,1,0.667,0,0
1022,황귀정(청원고),17,0,0,0,0,0,0,0,0,0,0,0,0,0,0
1022,이창엽(강릉고),17,0,0,0,0,0,0,0,0,0,0,0,0,0,0
1022,강현우(유신고),21,0,4,4,0,0,0,0,0,0,0,0,0,0,0
1022,정성욱(군산상고),24,0,3,1,0,0,0,0,0,1,2,1,0.667,0,0
1022,정창대(광주제일고),20,0,0,0,0,0,0,0,0,0,0,0,0,0,0
1022,박종민(김해고),13,0,0,0,0,0,0,0,0,0,0,0,0,0,0
1022,황재영(휘문고),17,0,4,3,0,0,0,0,0,0,1,2,0.25,0,0
1022,허윤(송탄제일고),18,0,4,4,0,0,0,0,0,0,0,1,0,0,0
1022,이재민(청담고),15,0,0,0,0,0,0,0,0,0,0,0,0,0,0
1022,임정재(부천고),17,0,0,0,0,0,0,0,0,0,0,0,0,0,0
1022,정종혁(마산고),15,0,0,0,0,0,0,0,0,0,0,0,0,0,0
1022,서정훈(백송고),17,0,17,15,0,0,0,0,2,2,1,4,0.063,0,0
1022,김대한(부경고),15,0,1,1,0,0,0,0,0,0,0,1,0,0,0
1022,방승현(마산고),15,0,0,0,0,0,0,0,0,1,0,0,0,0,0
1022,박재우(부천고),17,0,0,0,0,0,0,0,0,0,0,0,0,0,0
1022,정현우(중앙고),16,0,0,0,0,0,0,0,0,0,0,0,0,0,0
1022,염우현(성지고),16,0,0,0,0,0,0,0,0,1,0,0,0,0,0
1022,송철준(영선고),16,0,0,0,0,0,0,0,0,0,0,0,0,0,0
1022,김용하(광주제일고),20,0,0,0,0,0,0,0,0,0,0,0,0,0,0
1022,최현우(부산공고),14,0,1,1,0,0,0,0,0,0,0,1,0,0,0
1022,정한영(서울디자인고),17,0,0,0,0,0,0,0,0,0,0,0,0,0,0
1022,성민종(배명고),23,0,11,10,0,0,0,0,0,0,1,8,0.091,0,0
1022,강승창(진영고),16,0,1,1,0,0,0,0,0,0,0,1,0,0,0
1022,박도훈(제주고),17,0,2,2,0,0,0,0,0,0,0,1,0,0,0
1022,신동규(대전고),23,0,12,11,0,0,0,0,0,0,0,3,0,0,0
1022,이재정(백송고),17,0,0,0,0,0,0,0,0,0,0,0,0,0,0
1022,한성우(제물포고),16,0,3,3,0,0,0,0,0,1,0,0,0,0,0
1022,박준(설악고),19,0,0,0,0,0,0,0,0,0,0,0,0,0,0
1022,심진수(송탄제일고),18,0,2,1,0,0,0,0,0,0,1,1,0.5,0,0
1022,임형진(군산상고),24,0,1,1,0,0,0,0,0,0,0,1,0,0,0
1022,이석제(장충고),19,0,1,1,0,0,0,0,0,0,0,1,0,0,0
1022,박준범(배명고),23,0,2,2,0,0,0,0,0,0,0,2,0,0,0
1022,조진만(영선고),16,0,3,3,0,0,0,0,0,0,0,1,0,0,0
1022,최희원(동산고),24,0,0,0,0,0,0,0,0,0,0,0,0,0,0
1022,임우석(울산공고),13,0,0,0,0,0,0,0,0,0,0,0,0,0,0
1022,이상호(백송고),17,0,5,4,0,0,0,0,0,0,1,2,0.2,0,0
1022,안현태(군산상고),24,0,1,1,0,0,0,0,0,0,0,0,0,0,0
1022,조승원(상우고),15,0,0,0,0,0,0,0,0,0,0,0,0,0,0
1022,황민(제주고),17,0,0,0,0,0,0,0,0,0,0,0,0,0,0
1022,이동형(청담고),15,0,1,1,0,0,0,0,0,0,0,0,0,0,0
1022,정건석(광주제일고),20,0,2,2,0,0,0,0,0,0,0,2,0,0,0
1022,서주형(진흥고),20,0,3,3,0,0,0,0,0,0,0,0,0,0,0
1022,이재호(부산정보고),15,0,5,5,0,0,0,0,0,0,0,3,0,0,0
1022,강준서(부산공고),14,0,8,5,0,0,0,0,0,1,3,3,0.375,0,0
1022,변상우(충훈고),14,0,1,1,0,0,0,0,0,0,0,0,0,0,0
1022,오찬준(대구고),14,0,0,0,0,0,0,0,0,0,0,0,0,0,0
1022,권순학(원주고),14,0,3,3,0,0,0,0,0,0,0,2,0,0,0
1022,경우진(장충고),19,0,1,0,0,0,0,0,0,0,1,0,1,0,0
1022,김세현(효천고),17,0,4,3,0,0,0,0,0,0,1,2,0.25,0,0
1022,김기준(휘문고),17,0,2,1,0,0,0,0,0,2,1,0,0.5,0,0
1022,유동현(야탑고),23,0,1,1,0,0,0,0,0,0,0,0,0,0,0
1022,김영광(제주고),17,0,1,1,0,0,0,0,0,2,0,0,0,0,0
1022,강두호(마산고),15,0,2,1,0,0,0,0,0,0,1,1,0.5,0,0
1022,이재민(중앙고),16,0,5,3,0,0,0,0,0,0,2,2,0.4,0,0
1022,임경민(대전제일고),15,0,2,2,0,0,0,0,0,0,0,1,0,0,0
1022,성시헌(북일고),16,0,0,0,0,0,0,0,0,0,0,0,0,0,0
1022,엄태호(장충고),19,0,0,0,0,0,0,0,0,1,0,0,0,0,0
1022,전상우(서울디자인고),17,0,1,1,0,0,0,0,0,0,0,1,0,0,0
1022,이도윤(동산고),24,0,0,0,0,0,0,0,0,1,0,0,0,0,0
1022,주승우(서울고),31,0,0,0,0,0,0,0,0,0,0,0,0,0,0
1022,박종인(진영고),16,0,3,2,0,0,0,0,0,0,1,1,0.333,0,0
1022,안광준(설악고),19,0,0,0,0,0,0,0,0,0,0,0,0,0,0
1022,신기인(동성고),29,0,0,0,0,0,0,0,0,0,0,0,0,0,0
1022,김성엽(신흥고),16,0,0,0,0,0,0,0,0,0,0,0,0,0,0
1022,곽민석(경동고),18,0,0,0,0,0,0,0,0,1,0,0,0,0,0
1022,이한성(배재고),18,0,0,0,0,0,0,0,0,0,0,0,0,0,0
1022,김의준(동성고),29,0,3,3,0,0,0,0,0,0,0,3,0,0,0
1022,이지강(소래고),18,0,0,0,0,0,0,0,0,0,0,0,0,0,0
1022,도승회(도개고),14,0,3,2,0,0,0,0,0,1,1,0,0.333,0,0
1022,이연섭(인상고),17,0,0,0,0,0,0,0,0,0,0,0,0,0,0
1022,이승운(도개고),14,0,1,1,0,0,0,0,0,0,0,1,0,0,0
1022,변중섭(덕수고),30,0,2,2,0,0,0,0,0,2,0,0,0,0,1
1022,배지호(충암고),25,0,0,0,0,0,0,0,0,0,0,0,0,0,0
1022,임지훈(강릉고),17,0,0,0,0,0,0,0,0,0,0,0,0,0,0
1022,노태훈(개성고),16,0,5,3,0,0,0,0,0,2,2,0,0.4,0,0
1022,박준형(광주제일고),20,0,5,5,0,0,0,0,0,0,0,2,0,0,0
1022,김기정(진영고),16,0,21,17,0,0,0,0,0,1,2,6,0.105,0,1
1022,강병학(경주고),16,0,3,3,0,0,0,0,0,1,0,0,0,0,0
1022,서동민(상원고),18,0,19,16,0,0,0,0,1,3,2,4,0.111,0,1
1022,김선우(신일고),22,0,1,1,0,0,0,0,0,0,0,1,0,0,0
1022,강승주(청원고),17,0,0,0,0,0,0,0,0,1,0,0,0,0,0
1022,김경환(물금고),13,0,4,4,0,0,0,0,0,0,0,2,0,0,0
1022,김민상(율곡고),25,0,2,2,0,0,0,0,0,0,0,2,0,0,0
1022,황준서(유신고),21,0,4,3,0,0,0,0,0,0,1,1,0.25,0,0
1022,최진혁(동산고),24,0,0,0,0,0,0,0,0,0,0,0,0,0,0
1022,안환수(부산고),15,0,4,3,0,0,0,0,1,0,1,1,0.25,0,0
1022,최차현(강릉고),17,0,6,5,0,0,0,0,0,0,1,0,0.167,0,0
1022,김백규(진흥고),20,0,0,0,0,0,0,0,0,0,0,0,0,0,0
1022,김현철(진영고),16,0,0,0,0,0,0,0,0,0,0,0,0,0,0
1022,송지윤(세광고),20,0,2,2,0,0,0,0,0,0,0,2,0,0,0
1022,김동률(경동고),18,0,0,0,0,0,0,0,0,0,0,0,0,0,0
1022,우상혁(부산고),15,0,2,1,0,0,0,0,0,1,1,0,0.5,0,0
1022,정우진(화순고),17,0,5,5,0,0,0,0,0,2,0,3,0,0,2
1022,홍진우(세광고),20,0,4,4,0,0,0,0,0,0,0,2,0,0,0
1022,조기현(북일고),16,0,3,2,0,0,0,0,0,0,1,1,0.333,0,0
1022,김건우(부산고),15,0,2,2,0,0,0,0,0,0,0,2,0,0,0
1022,허민서(충훈고),14,0,2,2,0,0,0,0,0,0,0,0,0,0,0
1022,김영균(마산용마고),28,0,14,9,0,0,0,0,0,3,5,2,0.357,0,0
1022,이장우(대전고),23,0,0,0,0,0,0,0,0,0,0,0,0,0,0
1022,박지성(성지고),16,0,1,1,0,0,0,0,0,0,0,1,0,0,0
1022,김동균(개성고),16,0,1,1,0,0,0,0,0,0,0,1,0,0,0
1022,진시몬(강릉고),17,0,1,0,0,0,0,0,0,0,1,0,1,0,0
1022,신상우(청담고),15,0,3,3,0,0,0,0,0,0,0,2,0,0,0
1022,김지석(전주고),16,0,2,2,0,0,0,0,0,0,0,0,0,0,0
1022,권기영(동산고),24,0,3,3,0,0,0,0,0,0,0,1,0,0,0
1022,여민재(충암고),25,0,1,1,0,0,0,0,0,0,0,0,0,0,0
1022,임상현(광주제일고),20,0,0,0,0,0,0,0,0,0,0,0,0,0,0
1022,김준겸(동산고),24,0,1,1,0,0,0,0,0,0,0,0,0,0,0
1022,이주엽(김해고),13,0,0,0,0,0,0,0,0,0,0,0,0,0,0
1022,유동관(청담고),15,0,0,0,0,0,0,0,0,0,0,0,0,0,0
1022,임원재(율곡고),25,0,1,0,0,0,0,0,0,0,1,0,1,0,0
1022,김성현(경기고),19,0,4,3,0,0,0,0,0,2,0,0,0,0,1
1022,김창훈(마산고),15,0,1,1,0,0,0,0,0,0,0,1,0,0,0
1022,이수영(전주고),16,0,0,0,0,0,0,0,0,0,0,0,0,0,0
1022,임규하(경남고),30,0,1,1,0,0,0,0,0,1,0,0,0,0,0
1022,함현우(공주고),15,0,1,1,0,0,0,0,0,0,0,0,0,0,0
1022,주현규(신흥고),16,0,5,5,0,0,0,0,0,0,0,3,0,0,0
1022,김시훈(마산고),15,0,0,0,0,0,0,0,0,0,0,0,0,0,0
1022,김동원(경동고),18,0,0,0,0,0,0,0,0,0,0,0,0,0,0
1022,원도연(원주고),14,0,7,5,0,0,0,0,0,0,1,2,0.167,0,0
1022,노제헌(중앙고),16,0,1,1,0,0,0,0,0,2,0,1,0,0,0
1022,양경민(효천고),17,0,2,2,0,0,0,0,0,0,0,2,0,0,0
1022,조원빈(청주고),14,0,1,1,0,0,0,0,0,0,0,1,0,0,0
1022,김정민(진영고),16,0,5,4,0,0,0,0,0,0,0,1,0,0,0
1022,윤호현(인상고),17,0,1,1,0,0,0,0,0,0,0,1,0,0,0
1022,박진하(부산고),15,0,1,1,0,0,0,0,0,0,0,1,0,0,0
1022,김예찬(제물포고),16,0,0,0,0,0,0,0,0,0,0,0,0,0,0
1022,김부겸(덕수고),30,0,0,0,0,0,0,0,0,1,0,0,0,0,0
1022,박기륜(개성고),16,0,1,1,0,0,0,0,0,0,0,0,0,0,0
1022,김재원(상우고),15,0,1,1,0,0,0,0,0,0,0,1,0,0,0
1022,이건희(영선고),16,0,2,2,0,0,0,0,0,1,0,1,0,0,0
1022,김태형(부천고),17,0,1,0,0,0,0,0,0,1,1,0,1,0,0
1022,박진규(설악고),19,0,0,0,0,0,0,0,0,0,0,0,0,0,0
1022,김선동(대전고),23,0,1,0,0,0,0,0,0,1,0,0,0,0,1
1022,박무겸(전주고),16,0,0,0,0,0,0,0,0,0,0,0,0,0,0
1022,정찬(청주고),14,0,0,0,0,0,0,0,0,0,0,0,0,0,0
1022,장이재(성남고),18,0,12,10,0,0,0,0,0,0,2,6,0.167,0,0
1022,한지용(신일고),22,0,4,3,0,0,0,0,0,0,1,0,0.25,0,0
1022,윤상혁(공주고),15,0,7,5,0,0,0,0,0,1,1,2,0.167,0,0
1022,신창훈(영선고),16,0,13,9,0,0,0,0,0,0,4,3,0.308,0,0
1022,김재현(경기고),19,0,3,2,0,0,0,0,0,2,0,1,0,0,0
1022,임현찬(영선고),16,0,0,0,0,0,0,0,0,0,0,0,0,0,0
1022,박은홍(세광고),20,0,1,1,0,0,0,0,0,0,0,1,0,0,0
1022,고영선(송탄제일고),18,0,1,1,0,0,0,0,0,0,0,1,0,0,0
1022,권도엽(개성고),16,0,0,0,0,0,0,0,0,0,0,0,0,0,1
1022,임판홍(부산공고),14,0,0,0,0,0,0,0,0,0,0,0,0,0,0
1022,조기현(청담고),15,0,1,1,0,0,0,0,0,0,0,1,0.25,0,0
1022,천보웅(제물포고),16,0,1,0,0,0,0,0,0,0,0,0,0,0,0
1022,오석(야탑고),23,0,0,0,0,0,0,0,0,0,0,0,0,0,0
1022,김범준(대구고),14,0,9,7,0,0,0,0,0,0,2,4,0.222,0,0
1022,윤성현(군산상고),24,0,8,8,0,0,0,0,0,0,0,5,0,0,0
1022,김민수(경기고),19,0,1,0,0,0,0,0,1,0,0,0,0,0,0
1022,양진우(경북고),27,0,1,1,0,0,0,0,0,3,0,0,0,0,1
1022,이성준(군산상고),24,0,0,0,0,0,0,0,0,0,0,0,0,0,0
1022,이후연(청원고),17,0,1,1,0,0,0,0,0,0,0,1,0,0,0
1022,백현수(대구고),14,0,0,0,0,0,0,0,0,0,0,0,0,0,0
1022,이현민(백송고),17,0,2,2,0,0,0,0,0,0,0,2,0,0,0
1022,홍정표(청원고),17,0,0,0,0,0,0,0,0,0,0,0,0,0,0
1022,박건욱(경북고),27,0,1,1,0,0,0,0,0,0,0,0,0,0,0
1022,이준선(효천고),17,0,1,1,0,0,0,0,0,0,0,1,0,0,0
1022,배기건(원주고),14,0,0,0,0,0,0,0,0,0,0,0,0,0,0
1022,오승윤(동성고),29,0,1,0,0,0,0,0,0,0,0,0,0,0,0
1022,김병현(북일고),16,0,0,0,0,0,0,0,0,2,0,0,0,0,0
1022,방현일(원주고),14,0,2,2,0,0,0,0,0,0,0,1,0,0,0
1022,김재원(원주고),14,0,4,3,0,0,0,0,0,0,0,1,0,0,0
1022,이호연(북일고),16,0,1,1,0,0,0,0,0,0,0,0,0,0,0
1022,이원진(포항제철고),21,0,1,1,0,0,0,0,0,0,0,0,0,0,0
1022,박연웅(대전고),23,0,2,2,0,0,0,0,0,1,0,0,0,0,0
1022,맹성주(배명고),23,0,0,0,0,0,0,0,0,0,0,0,0,0,0
1022,김동찬(영문고),13,0,1,1,0,0,0,0,0,0,0,1,0,0,0
1022,허수빈(청담고),15,0,0,0,0,0,0,0,0,0,0,0,0,0,0
1022,김준근(대구고),14,0,6,4,0,0,0,0,1,1,0,2,0,0,1
1022,신승윤(강릉고),17,0,0,0,0,0,0,0,0,0,0,0,0,0,0
1022,이승헌(마산용마고),28,0,0,0,0,0,0,0,0,0,0,0,0,0,0
1022,남지민(부산정보고),15,0,17,15,0,0,0,0,0,0,1,4,0.063,0,0
1022,정연원(부산정보고),15,0,3,3,0,0,0,0,1,0,0,0,0,0,0
1022,김준희(울산공고),13,0,1,1,0,0,0,0,0,0,0,1,0,0,0
1022,정승혁(군산상고),24,0,1,1,0,0,0,0,0,0,0,1,0,0,0
1022,강진우(마산고),15,0,1,1,0,0,0,0,0,0,0,0,0,0,0
1022,김동환(물금고),13,0,2,2,0,0,0,0,0,0,0,0,0,0,0
1022,최건(장충고),19,0,0,0,0,0,0,0,0,0,0,0,0,0,0
1022,김태원(군산상고),24,0,1,1,0,0,0,0,0,0,0,0,0,0,0
1022,배재훈(전주고),16,0,1,0,0,0,0,0,0,0,1,0,1,0,0
1022,김창우(서울디자인고),17,0,7,6,0,0,0,0,1,0,0,1,0,0,0
1022,신민혁(야탑고),23,0,0,0,0,0,0,0,0,0,0,0,0,0,0
1022,진철호(경동고),18,0,1,1,0,0,0,0,0,0,0,0,0,0,0
1022,홍성현(경주고),16,0,1,1,0,0,0,0,0,0,0,1,0,0,0
1022,정윤구(부경고),15,0,1,1,0,0,0,0,0,0,0,1,0,0,0
1022,이준학(진영고),16,0,0,0,0,0,0,0,0,0,0,0,0,0,0
1022,이태현(제주고),17,0,2,2,0,0,0,0,0,0,0,0,0,0,0
1022,김현서(세광고),20,0,4,4,0,0,0,0,0,0,0,1,0,0,0
1022,김홍윤(상원고),18,0,1,1,0,0,0,0,0,0,0,0,0,0,0
1022,조연우(서울디자인고),17,0,4,3,0,0,0,0,1,1,0,1,0,0,0
1022,이민재(서울고),31,0,0,0,0,0,0,0,0,0,0,0,0,0,0
1022,김한결(장충고),19,0,0,0,0,0,0,0,0,0,0,0,0,0,0
1022,백종윤(서울고),31,0,5,3,0,0,0,0,1,1,1,1,0.25,0,0
1022,김윤수(북일고),16,0,0,0,0,0,0,0,0,0,0,0,0,0,0
1022,이세상(김해고),13,0,5,5,0,0,0,0,0,0,0,1,0,0,0
1022,조성우(중앙고),16,0,0,0,0,0,0,0,0,0,0,0,0,0,0
1022,홍승기(경동고),18,0,1,1,0,0,0,0,0,0,0,1,0,0,0
1022,박범진(마산용마고),28,0,5,4,0,0,0,0,0,1,1,1,0.2,0,1
1022,최진완(배명고),23,0,3,1,0,0,0,0,0,1,0,0,0,0,0
1022,김군철(경동고),18,0,2,2,0,0,0,0,0,0,0,0,0,0,0
1022,박용민(덕수고),30,0,0,0,0,0,0,0,0,0,0,0,0,0,0
1022,고경표(경북고),27,0,2,2,0,0,0,0,0,2,0,1,0,0,0
1022,조효준(강릉고),17,0,0,0,0,0,0,0,0,0,0,0,0,0,0
1022,김이수(영문고),13,0,2,2,0,0,0,0,0,0,0,1,0,0,0
1022,최성민(장안고),17,0,1,1,0,0,0,0,0,0,0,0,0,0,0
1022,장민호(중앙고),16,0,0,0,0,0,0,0,0,0,0,0,0,0,0
1022,박정원(군산상고),24,0,16,13,0,0,0,0,1,0,3,3,0.188,0,0
1022,이주호(청원고),17,0,5,5,0,0,0,0,0,0,0,3,0,0,0
1022,안희찬(동산고),24,0,0,0,0,0,0,0,0,0,0,0,0,0,0
1022,이준재(소래고),18,0,0,0,0,0,0,0,0,0,0,0,0,0,0
1022,박세훈(김해고),13,0,1,1,0,0,0,0,0,1,0,0,0,0,1
1022,김은빈(청주고),14,0,0,0,0,0,0,0,0,0,0,0,0,0,0
1022,김도윤(설악고),19,0,20,13,0,0,0,0,0,1,6,5,0.316,0,0
1022,윤수빈(전주고),16,0,2,2,0,0,0,0,0,0,0,1,0,0,0
1022,차병진(청담고),15,0,0,0,0,0,0,0,0,0,0,0,0,0,0
1022,김준호(진흥고),20,0,1,1,0,0,0,0,0,0,0,0,0,0,0
1022,박동수(덕수고),30,0,1,0,0,0,0,0,0,1,0,0,0,0,0
1022,변준혁(소래고),18,0,0,0,0,0,0,0,0,0,0,0,0,0,0
1022,신민근(원주고),14,0,1,1,0,0,0,0,0,0,0,0,0,0,0
1022,우승헌(중앙고),16,0,2,2,0,0,0,0,0,0,0,1,0,0,0
1022,조선명(성지고),16,0,0,0,0,0,0,0,0,0,0,0,0,0,0
1022,김대원(충훈고),14,0,5,2,0,0,0,0,0,2,2,0,0.5,0,1
1022,최용준(부산공고),14,0,0,0,0,0,0,0,0,0,0,0,0,0,0
1022,고영민(강원고),14,0,3,3,0,0,0,0,0,0,0,1,0,0,0
1022,양창섭(덕수고),30,0,0,0,0,0,0,0,0,0,0,0,0,0,0
1022,윤기백(공주고),15,0,7,5,0,0,0,0,1,3,0,0,0,0,0
1022,조예찬(부천고),17,0,1,1,0,0,0,0,0,0,0,0,0,0,0
1022,정현(인창고),14,0,15,11,0,0,0,0,2,0,3,2,0.2,0,0
1022,김민수(김해고),13,0,6,5,0,0,0,0,0,0,1,2,0.167,0,0
1022,주지완(제주고),17,0,1,0,0,0,0,0,1,0,1,0,1,0,0
1022,서명현(대구고),14,0,0,0,0,0,0,0,0,0,0,0,0,0,0
1022,한상엽(진영고),16,0,0,0,0,0,0,0,0,0,0,0,0,0,0
1022,신준혁(원주고),14,0,0,0,0,0,0,0,0,0,0,0,0,0,0
1022,이도현(동산고),24,0,0,0,0,0,0,0,0,0,0,0,0,0,0
1022,정해영(광주제일고),20,0,3,3,0,0,0,0,0,0,0,3,0,0,0
1022,마준혁(충훈고),14,0,0,0,0,0,0,0,0,0,0,0,0,0,0
1022,이금재(상원고),18,0,6,4,0,0,0,0,0,0,2,1,0.333,0,0
1022,손호진(송탄제일고),18,0,1,1,0,0,0,0,0,0,0,1,0,0,0
1022,박준석(북일고),16,0,4,3,0,0,0,0,0,1,1,0,0.25,0,0
1022,조성훈(청원고),17,0,0,0,0,0,0,0,0,0,0,0,0,0,0
1022,서판규(인천고),20,0,4,4,0,0,0,0,0,1,0,1,0,0,1
1022,이재호(청담고),15,0,0,0,0,0,0,0,0,0,0,0,0,0,0
1022,김승민(서울디자인고),17,0,0,0,0,0,0,0,0,1,0,0,0,0,0
1022,정기혁(진영고),16,0,15,12,0,0,0,0,0,1,3,7,0.2,0,2
1022,하성엽(울산공고),13,0,1,1,0,0,0,0,0,0,0,1,0,0,0
1022,이동찬(배재고),18,0,9,8,0,0,0,0,0,0,1,5,0.111,0,0
1022,이효형(청담고),15,0,1,1,0,0,0,0,0,0,0,1,0,0,0
1022,박주홍(광주제일고),20,0,0,0,0,0,0,0,0,0,0,0,0,0,0
1022,이승호(대구고),14,0,1,1,0,0,0,0,0,0,0,0,0,0,0
1022,김근재(성남고),18,0,3,1,0,0,0,0,0,2,1,0,0.5,0,0
1022,김민(경동고),18,0,0,0,0,0,0,0,0,1,0,0,0,0,0
1022,서우진(공주고),15,0,4,3,0,0,0,0,0,0,0,1,0,0,0
1022,윤강찬(김해고),13,0,0,0,0,0,0,0,0,0,0,0,0,0,0
1022,주민욱(울산공고),13,0,1,1,0,0,0,0,0,0,0,0,0,0,0
1022,박기현(부산정보고),15,0,3,2,0,0,0,0,0,0,1,2,0.333,0,0
1022,강민형(영문고),13,0,10,8,0,0,0,0,0,1,2,5,0.2,0,1
1022,권도윤(인창고),14,0,1,1,0,0,0,0,0,0,0,0,0,0,0
1022,박지승(상우고),15,0,13,10,0,0,0,0,0,1,3,4,0.231,0,0
1022,김상휘(대구고),14,0,4,4,0,0,0,0,0,0,0,1,0,0,0
1022,강성은(원주고),14,0,5,5,0,0,0,0,0,0,0,2,0,0,0